{
"apiVersion": "V2",
"assemblies": [
{
  "files": [
    {
      "filePath": "data_summary.tsv",
      "fileType": "DATA_TABLE",
      "uncompressedLengthBytes": "388"
    },
    {
      "filePath": "assembly_data_report.jsonl",
      "fileType": "DATA_REPORT",
      "uncompressedLengthBytes": "4388"
    }
  ]
},{
  "accession": "GCF_019930925.1",
  "files": [
    {
      "filePath": "GCF_019930925.1/GCF_019930925.1_ASM1993092v1_genomic.fna",
      "fileType": "GENOMIC_NUCLEOTIDE_FASTA",
      "uncompressedLengthBytes": "1971146"
    },
    {
      "filePath": "GCF_019930925.1/genomic.gff",
      "fileType": "GFF3",
      "uncompressedLengthBytes": "1080599"
    }
  ]
}]}
